1,urn:tva:metadata:cs:ContentCS:2011:3.4.6.1
2,urn:tva:metadata:cs:ContentCS:2011:3.4.6.1.1
3,urn:tva:metadata:cs:ContentCS:2011:3.4.18
4,urn:tva:metadata:cs:ContentCS:2011:3.5.7.1
5,urn:tva:metadata:cs:ContentCS:2011:3.4.6.5
6,urn:tva:metadata:cs:ContentCS:2011:3.5.7.9
7,urn:tva:metadata:cs:ContentCS:2011:3.1.4
8,urn:tva:metadata:cs:ContentCS:2011:3.1.4
9,urn:tva:metadata:cs:ContentCS:2011:3.4.1
10,urn:tva:metadata:cs:ContentCS:2011:3.4.9
11,urn:tva:metadata:cs:ContentCS:2011:3.4.8
12,urn:tva:metadata:cs:ContentCS:2011:0
13,urn:tva:metadata:cs:ContentCS:2011:3.4.6.7
14,urn:tva:metadata:cs:ContentCS:2011:3.1.9.5
15,urn:tva:metadata:cs:ContentCS:2011:3.4.6.4
16,urn:tva:metadata:cs:ContentCS:2011:3.4.4
17,urn:tva:metadata:cs:ContentCS:2011:3.5.7.2.1
18,urn:tva:metadata:cs:ContentCS:2011:3.4.6.7.1
19,urn:tva:metadata:cs:ContentCS:2011:3.4.6.11
20,urn:tva:metadata:cs:ContentCS:2011:3.4.6.9
21,urn:tva:metadata:cs:ContentCS:2011:3.4.6.10
22,urn:tva:metadata:cs:ContentCS:2011:3.5.7.4
23,urn:tva:metadata:cs:ContentCS:2011:3.5.7.8
40,urn:tva:metadata:cs:ContentCS:2011:3.4.9
41,urn:tva:metadata:cs:ContentCS:2011:3.8.7.2
42,urn:tva:metadata:cs:ContentCS:2011:3.1.3.11
43,urn:tva:metadata:cs:ContentCS:2011:3.1.6.4
44,urn:tva:metadata:cs:ContentCS:2011:3.7.1.1
45,urn:tva:metadata:cs:ContentCS:2011:3.7.1.1
46,urn:tva:metadata:cs:ContentCS:2011:3.1.5.2
47,urn:tva:metadata:cs:ContentCS:2011:3.2.12.1.1
49,urn:tva:metadata:cs:ContentCS:2011:3.8.5.5
50,urn:tva:metadata:cs:ContentCS:2011:3.8.5.4
51,urn:tva:metadata:cs:ContentCS:2011:3.8.5
52,urn:tva:metadata:cs:ContentCS:2011:3.2.8
53,urn:tva:metadata:cs:ContentCS:2011:3.2.8.1.1
54,urn:tva:metadata:cs:ContentCS:2011:3.8.5.13
55,urn:tva:metadata:cs:ContentCS:2011:3.1.9.17
57,urn:tva:metadata:cs:ContentCS:2011:3.6.14.2
58,urn:tva:metadata:cs:ContentCS:2011:3.2.3.7.1
59,urn:tva:metadata:cs:ContentCS:2011:3.2.3.9
61,urn:tva:metadata:cs:ContentCS:2011:3.2.3.23
63,urn:tva:metadata:cs:ContentCS:2011:3.2
64,urn:tva:metadata:cs:ContentCS:2011:3.2
67,urn:tva:metadata:cs:ContentCS:2011:3.2.8.2
68,urn:tva:metadata:cs:ContentCS:2011:3.2.8.2
72,urn:tva:metadata:cs:ContentCS:2011:3.2.13.2.1
73,urn:tva:metadata:cs:ContentCS:2011:3.5.14
74,urn:tva:metadata:cs:ContentCS:2011:3.1.1.7.1
75,urn:tva:metadata:cs:ContentCS:2011:3.2.6.3.1
76,urn:tva:metadata:cs:ContentCS:2011:3.8.5.8
77,urn:tva:metadata:cs:ContentCS:2011:3.6.15
78,urn:tva:metadata:cs:ContentCS:2011:3.4.8
82,urn:tva:metadata:cs:ContentCS:2011:3.8.5.11
84,urn:tva:metadata:cs:ContentCS:2011:3.1.1.11.1
85,urn:tva:metadata:cs:ContentCS:2011:3.8.2.1
86,urn:tva:metadata:cs:ContentCS:2011:3.8.1.2.1
87,urn:tva:metadata:cs:ContentCS:2011:3.8.3.2
88,urn:tva:metadata:cs:ContentCS:2011:3.2.3.10
89,urn:tva:metadata:cs:ContentCS:2011:3.4.6.5
90,urn:tva:metadata:cs:ContentCS:2011:3.2.7.4
91,urn:tva:metadata:cs:ContentCS:2011:3.1.4.3
93,urn:tva:metadata:cs:ContentCS:2011:3.4.10
94,urn:tva:metadata:cs:ContentCS:2011:3.2.6.4.1
96,urn:tva:metadata:cs:ContentCS:2011:3.2.17.1
98,urn:tva:metadata:cs:ContentCS:2011:3.2.8.1.4
99,urn:tva:metadata:cs:ContentCS:2011:3.1.3.6.1
100,urn:tva:metadata:cs:ContentCS:2011:3.1.1.10.2.1
101,urn:tva:metadata:cs:ContentCS:2011:3.1.6.5
102,urn:tva:metadata:cs:ContentCS:2011:3.2.11.1
103,urn:tva:metadata:cs:ContentCS:2011:3.1.9.1
104,urn:tva:metadata:cs:ContentCS:2011:0
105,urn:tva:metadata:cs:ContentCS:2011:3.2.1
106,urn:tva:metadata:cs:ContentCS:2011:3.8.7.4
108,urn:tva:metadata:cs:ContentCS:2011:3.2.3.14.1
109,urn:tva:metadata:cs:ContentCS:2011:3.2.7.18.1
110,urn:tva:metadata:cs:ContentCS:2011:3.2.6.6
111,urn:tva:metadata:cs:ContentCS:2011:3.2.3.1
113,urn:tva:metadata:cs:ContentCS:2011:0
115,urn:tva:metadata:cs:ContentCS:2011:3.6.19
116,urn:tva:metadata:cs:ContentCS:2011:0
117,urn:tva:metadata:cs:ContentCS:2011:3.2.16
118,urn:tva:metadata:cs:ContentCS:2011:3.2.10.1
119,urn:tva:metadata:cs:ContentCS:2011:3.2.3.14
120,urn:tva:metadata:cs:ContentCS:2011:0
121,urn:tva:metadata:cs:ContentCS:2011:3.1.5.3.1
122,urn:tva:metadata:cs:ContentCS:2011:3.2.3.14.1
123,urn:tva:metadata:cs:ContentCS:2011:0
129,urn:tva:metadata:cs:ContentCS:2011:3.8.4.3
130,urn:tva:metadata:cs:ContentCS:2011:0
131,urn:tva:metadata:cs:ContentCS:2011:0
132,urn:tva:metadata:cs:ContentCS:2011:0
133,urn:tva:metadata:cs:ContentCS:2011:0
136,urn:tva:metadata:cs:ContentCS:2011:3.2.3.5
137,urn:tva:metadata:cs:ContentCS:2011:0
140,urn:tva:metadata:cs:ContentCS:2011:3.2.3.13
141,urn:tva:metadata:cs:ContentCS:2011:0
143,urn:tva:metadata:cs:ContentCS:2011:3.1.3.5
145,urn:tva:metadata:cs:ContentCS:2011:3.2.5.1
146,urn:tva:metadata:cs:ContentCS:2011:3.4.6
147,urn:tva:metadata:cs:ContentCS:2011:0
148,urn:tva:metadata:cs:ContentCS:2011:3.8.7
149,urn:tva:metadata:cs:ContentCS:2011:3.2.8.3
150,urn:tva:metadata:cs:ContentCS:2011:3.2.8
151,urn:tva:metadata:cs:ContentCS:2011:3.2.8.3.6
152,urn:tva:metadata:cs:ContentCS:2011:3.1.4.2
155,urn:tva:metadata:cs:ContentCS:2011:3.1.6.2.1
156,urn:tva:metadata:cs:ContentCS:2011:3.1.1.1
157,urn:tva:metadata:cs:ContentCS:2011:3.1.1.26
158,urn:tva:metadata:cs:ContentCS:2011:0
159,urn:tva:metadata:cs:ContentCS:2011:3.1.4.5
160,urn:tva:metadata:cs:ContentCS:2011:0
162,urn:tva:metadata:cs:ContentCS:2011:3.6
163,urn:tva:metadata:cs:ContentCS:2011:3.8.7.6
164,urn:tva:metadata:cs:ContentCS:2011:0
165,urn:tva:metadata:cs:ContentCS:2011:3.1.4.14
166,urn:tva:metadata:cs:ContentCS:2011:0
167,urn:tva:metadata:cs:ContentCS:2011:3.2.22.4
168,urn:tva:metadata:cs:ContentCS:2011:0
169,urn:tva:metadata:cs:ContentCS:2011:3.2.11.5
171,urn:tva:metadata:cs:ContentCS:2011:3.2.5.1
172,urn:tva:metadata:cs:ContentCS:2011:0
173,urn:tva:metadata:cs:ContentCS:2011:3.2.4.1
174,urn:tva:metadata:cs:ContentCS:2011:3.1.7.2
175,urn:tva:metadata:cs:ContentCS:2011:3.1.9.19.1
177,urn:tva:metadata:cs:ContentCS:2011:3.5.14.1
178,urn:tva:metadata:cs:ContentCS:2011:3.2.3.18.1
181,urn:tva:metadata:cs:ContentCS:2011:3.2.3.19.1
182,urn:tva:metadata:cs:ContentCS:2011:3.2.1.5
183,urn:tva:metadata:cs:ContentCS:2011:3.2.6.8.1
184,urn:tva:metadata:cs:ContentCS:2011:3.1.6.1
185,urn:tva:metadata:cs:ContentCS:2011:0
186,urn:tva:metadata:cs:ContentCS:2011:3.2.12.6.1
187,urn:tva:metadata:cs:ContentCS:2011:3.8.5.10
188,urn:tva:metadata:cs:ContentCS:2011:3.5.7.4
189,urn:tva:metadata:cs:ContentCS:2011:3.2.12.11
192,urn:tva:metadata:cs:ContentCS:2011:3.2.7.9.1
193,urn:tva:metadata:cs:ContentCS:2011:3.2.9.2
194,urn:tva:metadata:cs:ContentCS:2011:3.2.7.11.1
195,urn:tva:metadata:cs:ContentCS:2011:0
196,urn:tva:metadata:cs:ContentCS:2011:3.4.2.1
199,urn:tva:metadata:cs:ContentCS:2011:3.2.3.12
200,urn:tva:metadata:cs:ContentCS:2011:3.2.3.21
202,urn:tva:metadata:cs:ContentCS:2011:3.1.9.18
203,urn:tva:metadata:cs:ContentCS:2011:3.2.7.17.1
206,urn:tva:metadata:cs:ContentCS:2011:0
207,urn:tva:metadata:cs:ContentCS:2011:3.2.4.6
208,urn:tva:metadata:cs:ContentCS:2011:0
209,urn:tva:metadata:cs:ContentCS:2011:3.2.5.7
210,urn:tva:metadata:cs:ContentCS:2011:3.2.6.11
211,urn:tva:metadata:cs:ContentCS:2011:0
212,urn:tva:metadata:cs:ContentCS:2011:3.2.6.11.1
213,urn:tva:metadata:cs:ContentCS:2011:3.2.4.6.1
214,urn:tva:metadata:cs:ContentCS:2011:0
215,urn:tva:metadata:cs:ContentCS:2011:3.2.4.7.1
216,urn:tva:metadata:cs:ContentCS:2011:0
217,urn:tva:metadata:cs:ContentCS:2011:3.2.1.2.1
218,urn:tva:metadata:cs:ContentCS:2011:3.8.9.1
219,urn:tva:metadata:cs:ContentCS:2011:3.2.1.7
220,urn:tva:metadata:cs:ContentCS:2011:0
221,urn:tva:metadata:cs:ContentCS:2011:3.2.3.22
223,urn:tva:metadata:cs:ContentCS:2011:3.2.6.14.1
224,urn:tva:metadata:cs:ContentCS:2011:3.2.6.1
225,urn:tva:metadata:cs:ContentCS:2011:3.1.1.14
226,urn:tva:metadata:cs:ContentCS:2011:3.2.13.5.1
227,urn:tva:metadata:cs:ContentCS:2011:3.2.13.6.1
228,urn:tva:metadata:cs:ContentCS:2011:3.2.6.3
229,urn:tva:metadata:cs:ContentCS:2011:3.8.5.8.1
230,urn:tva:metadata:cs:ContentCS:2011:3.1.3.9
231,urn:tva:metadata:cs:ContentCS:2011:0
232,urn:tva:metadata:cs:ContentCS:2011:3.1.6.7
294,urn:tva:metadata:cs:ContentCS:2011:3.5.3.2
